,age
0,2001
1,2003
2,2001
3,2003
4,1994
5,1997
6,2004
7,2004
8,2001
9,2002
10,1905
11,1997
12,2004
13,1989
14,1996
15,2003
16,1985
17,1987
18,2003
19,2001
20,1988
21,2008
22,1997
23,1975
24,1973
25,1998
26,1996
27,1997
28,2003
29,1999
30,1997
31,1999
32,1941
33,1957
34,2007
35,1938
36,1998
37,1995
38,1992
39,2004
40,1971
41,1984
42,1987
43,1992
44,1999
45,1980
46,1988
47,1991
48,1951
49,1996
50,1985
51,1985
52,1958
53,1961
54,1957
55,1968
56,2004
57,1997
58,1991
59,1999
60,2001
61,1992
62,1911
63,1990
64,1994
65,1988
66,1994
67,1997
68,1995
69,1995
70,1994
71,1990
72,1991
73,1989
74,1990
75,1980
76,1989
77,2006
78,2002
79,2005
80,1996
81,2002
82,2002
83,2000
84,2001
85,2001
86,1998
87,1992
88,1998
89,2004
90,2000
91,2003
92,2006
93,2003
94,1958
95,1996
96,1995
97,1989
98,1992
99,1995
100,1989
101,1971
102,1986
103,1990
104,1960
105,2005
106,1987
107,1986
108,1986
109,1982
110,2003
111,2002
112,2003
113,2000
114,2002
115,2004
116,2002
117,2001
118,2001
119,1997
120,1991
121,1994
122,1989
123,1994
124,1994
125,1991
126,1994
127,1993
128,1991
129,1922
130,1994
131,1982
132,1988
133,1993
134,1984
135,1991
136,1939
137,1989
138,1991
139,1980
140,2004
141,2007
142,1997
143,2000
144,1993
145,2000
146,2005
147,2002
148,2004
149,1989
150,1987
151,1995
152,1994
153,1991
154,1992
155,1990
156,1991
157,1993
158,1986
159,1993
160,1982
161,1993
162,1993
163,1980
164,1991
165,1987
166,1987
167,1987
168,1969
169,2004
170,1996
171,2001
172,1998
173,2003
174,2001
175,1976
176,2005
177,2001
178,2002
179,1973
180,1998
181,1992
182,1996
183,1997
184,1980
185,1995
186,1998
187,1994
188,1978
189,1992
190,1992
191,1988
192,1993
193,1991
194,1989
195,1990
196,1981
197,1987
198,1951
199,1984
200,1988
201,1994
202,2008
203,2000
204,1992
205,2006
206,2005
207,1999
208,2005
209,2000
210,2004
211,2000
212,1992
213,1997
214,1983
215,1990
216,1994
217,1993
218,1990
219,1994
220,1995
221,1998
222,1996
223,1996
224,1992
225,1986
226,1992
227,1991
228,1993
229,1987
230,1993
231,1987
232,1994
233,1990
234,1987
235,1985
236,1989
237,1990
238,1979
239,1988
240,1959
241,1983
242,1993
243,2003
244,2003
245,2002
246,2005
247,1998
248,1996
249,1993
250,2001
251,2003
252,1994
253,1997
254,1999
255,1991
256,1902
257,1977
258,1994
259,1994
260,1993
261,2002
262,1987
263,1994
264,1990
265,1992
266,1989
267,1984
268,1988
269,1992
270,1988
271,1992
272,1988
273,1988
274,1992
275,1988
276,1968
277,2003
278,2000
279,2003
280,2001
281,2003
282,2003
283,2002
284,2004
285,2005
286,1986
287,2002
288,2002
289,1983
290,1996
291,1997
292,2002
293,1996
294,1993
295,1994
296,1992
297,1956
298,1996
299,1986
300,1990
301,1989
302,1988
303,1992
304,1987
305,1990
306,1989
307,1975
308,1980
309,1989
310,1972
311,1990
312,2004
313,2000
314,2005
315,2003
316,2007
317,2006
318,2003
319,2000
320,2002
321,2003
322,1998
323,1993
324,1994
325,1975
326,1993
327,1994
328,1997
329,1993
330,1995
331,1995
332,1987
333,1991
334,1994
335,1989
336,1977
337,1988
338,1990
339,1992
340,1988
341,1985
342,1988
343,1990
344,2004
345,2006
346,1998
347,2003
348,2005
349,2005
350,1962
351,2005
352,2008
353,2004
354,2003
355,1991
356,2001
357,2001
358,2000
359,2001
360,2002
361,2003
362,1990
363,1987
364,2000
365,2004
366,1999
367,2002
368,2002
369,2002
370,1990
371,1998
372,2000
373,2003
374,2003
375,1994
376,1997
377,2000
378,1998
379,1991
380,1992
381,1994
382,1999
383,2000
384,1990
385,1992
386,1995
387,1998
388,1971
389,1974
390,1995
391,1991
392,1994
393,1997
394,2001
395,1996
396,2000
397,1995
398,1996
399,1999
400,1994
401,1979
402,1993
403,1997
404,1979
405,2005
406,1987
407,1997
408,1994
409,1996
410,1993
411,1990
412,1990
413,2002
414,1988
415,1970
416,1986
417,1996
418,1997
419,1992
420,1990
421,1988
422,1975
423,1993
424,1995
425,1984
426,1993
427,1993
428,1990
429,1989
430,1989
431,1996
432,2003
433,1979
434,1991
435,1978
436,1993
437,1978
438,1993
439,1993
440,1989
441,1993
442,1991
443,1994
444,1995
445,1992
446,1991
447,1988
448,1987
449,1972
450,1990
451,1992
452,1993
453,1971
454,1992
455,1992
456,1985
457,1992
458,2000
459,1982
460,1990
461,1989
462,1998
463,1991
464,1984
465,1990
466,1987
467,1991
468,1957
469,1987
470,1989
471,1983
472,1982
473,1930
474,1989
475,2004
476,1982
477,2006
478,1946
479,1992
480,2004
481,2003
482,2002
483,2007
484,2005
485,2002
486,2003
487,1997
488,2004
489,2002
490,2002
491,2004
492,2001
493,2003
494,2003
495,2005
496,2002
497,1984
498,2006
499,2001
500,2005
501,1999
502,2000
503,2003
504,2001
505,1999
506,1999
507,1999
508,1998
509,2003
510,1993
511,2004
512,2007
513,2004
514,1997
515,2000
516,1999
517,1994
518,1996
519,2003
520,2000
521,2001
522,1989
523,1950
524,1998
525,1994
526,1999
527,1995
528,1998
529,2003
530,1996
531,1999
532,1988
533,1995
534,1995
535,1997
536,2005
537,1993
538,1996
539,2007
540,1998
541,1997
542,1996
543,1983
544,1991
545,1996
546,1987
547,2001
548,1992
549,1902
550,2007
551,1996
552,1992
553,1990
554,1994
555,1987
556,1994
557,1994
558,1994
559,1994
560,1992
561,1990
562,1998
563,1994
564,1991
565,1992
566,1995
567,1994
568,1994
569,1987
570,1992
571,1994
572,1989
573,1990
574,1986
575,1989
576,1990
577,1965
578,1992
579,1988
580,1987
581,1962
582,1994
583,1983
584,1991
585,1987
586,1967
587,1988
588,1977
589,1988
590,1987
591,1990
592,1973
593,1955
594,2006
595,1995
596,2003
597,2003
598,2004
599,2003
600,1998
601,2004
602,2002
603,2000
604,2007
605,2003
606,2003
607,2005
608,1901
609,2005
610,2005
611,2002
612,2002
613,2000
614,2004
615,2000
616,2004
617,2000
618,2005
619,1995
620,2006
621,1999
622,1995
623,2004
624,2001
625,1986
626,1999
627,2003
628,1999
629,2000
630,1998
631,2003
632,2002
633,1994
634,1992
635,1972
636,2001
637,2000
638,2002
639,1991
640,1988
641,1994
642,1996
643,1991
644,1996
645,2006
646,1963
647,1997
648,1994
649,2005
650,1996
651,1990
652,2006
653,1997
654,1998
655,2003
656,1996
657,1995
658,2004
659,1993
660,2003
661,2004
662,1993
663,1993
664,1986
665,2003
666,1989
667,1998
668,1993
669,1991
670,1999
671,1999
672,1983
673,1993
674,1995
675,1992
676,1997
677,1987
678,1991
679,1987
680,2001
681,1995
682,1986
683,1996
684,1994
685,1992
686,1986
687,2002
688,1997
689,1992
690,1968
691,1993
692,1994
693,1982
694,1993
695,1993
696,1995
697,1987
698,1993
699,1994
700,1995
701,1989
702,1994
703,1902
704,1988
705,1985
706,1991
707,1987
708,1993
709,1987
710,1901
711,2004
712,1994
713,1987
714,1990
715,1987
716,1967
717,1989
718,1990
719,1986
720,1992
721,1989
722,1987
723,1993
724,1989
725,1989
726,1987
727,1991
728,1994
729,1988
730,1991
731,1987
732,1992
733,1990
734,1989
735,1982
736,1989
737,1986
738,1990
739,1989
740,1939
741,1965
742,1986
743,2002
744,1961
745,1989
746,1990
747,1988
748,1980
749,1992
750,1983
751,1956
752,1963
753,1970
754,1981
755,1990
756,2005
757,1997
758,2005
759,2004
760,2005
761,2003
762,2000
763,2004
764,2003
765,2001
766,2004
767,1998
768,1995
769,2008
770,2005
771,2002
772,1993
773,1999
774,2007
775,2004
776,1995
777,2004
778,2001
779,2002
780,1992
781,1997
782,2005
783,2003
784,1997
785,2001
786,1989
787,2002
788,2003
789,1996
790,1994
791,2004
792,2001
793,2001
794,2000
795,2008
796,1999
797,1998
798,1998
799,1999
800,2004
801,1996
802,1996
803,1999
804,1998
805,1998
806,1992
807,1994
808,1996
809,1993
810,2000
811,1996
812,1995
813,1994
814,1997
815,1995
816,1989
817,1991
818,1984
819,1995
820,1994
821,1983
822,1996
823,1997
824,1995
825,1993
826,1993
827,1995
828,2002
829,1960
830,1995
831,1997
832,1995
833,2002
834,1989
835,1987
836,1976
837,1988
838,1994
839,1993
840,1989
841,1989
842,1992
843,1968
844,1991
845,1992
846,1996
847,1991
848,1994
849,2001
850,1992
851,1980
852,1993
853,1992
854,1968
855,1993
856,1989
857,1991
858,2003
859,1987
860,1993
861,1992
862,1992
863,1990
864,1976
865,1987
866,1990
867,1994
868,1994
869,1990
870,1993
871,1993
872,1982
873,1990
874,1987
875,1992
876,1987
877,1991
878,1990
879,1990
880,1989
881,1992
882,1988
883,1989
884,1969
885,1987
886,1989
887,1976
888,1951
889,1987
890,1987
891,1982
892,1961
893,1954
894,1977
895,2006
896,2005
897,2004
898,1976
899,2003
900,2003
901,2002
902,2000
903,2001
904,1992
905,2005
906,2005
907,2002
908,2003
909,2002
910,1983
911,2003
912,2003
913,1999
914,2000
915,2004
916,2007
917,2003
918,2001
919,2003
920,2000
921,2007
922,2005
923,1971
924,2002
925,2004
926,1992
927,1995
928,1997
929,1997
930,1992
931,1992
932,2001
933,1988
934,1997
935,1996
936,1988
937,1996
938,1970
939,1994
940,1990
941,2000
942,1994
943,1994
944,1994
945,1996
946,1997
947,2004
948,1990
949,1996
950,1995
951,1995
952,1998
953,1994
954,1995
955,1993
956,1980
957,1976
958,1997
959,1990
960,1993
961,1992
962,1993
963,1990
964,1992
965,1986
966,1992
967,1996
968,1991
969,1992
970,1992
971,1995
972,1993
973,1991
974,1994
975,1986
976,1978
977,1995
978,1989
979,1990
980,1992
981,1987
982,1971
983,1992
984,1989
985,1987
986,1981
987,1995
988,1989
989,1986
990,1992
991,1993
992,2001
993,1988
994,1990
995,1991
996,1990
997,1992
998,1993
999,1988
1000,1993
1001,1991
1002,1992
1003,1992
1004,1976
1005,1990
1006,1984
1007,1988
1008,1949
1009,1991
1010,1989
1011,1970
1012,1985
1013,1991
1014,1986
1015,1989
1016,1983
1017,1947
1018,1987
1019,1985
1020,1976
1021,2001
1022,1961
1023,2003
1024,2004
1025,2003
1026,2002
1027,2003
1028,2004
1029,2001
1030,2005
1031,2003
1032,2004
1033,2007
1034,2002
1035,2004
1036,2004
1037,2004
1038,1999
1039,2005
1040,1996
1041,1996
1042,2001
1043,2001
1044,2003
1045,2003
1046,2002
1047,1999
1048,2005
1049,2001
1050,1984
1051,1994
1052,2001
1053,1996
1054,1999
1055,2001
1056,1995
1057,2005
1058,1993
1059,1996
1060,1999
1061,1989
1062,1993
1063,1996
1064,2003
1065,1993
1066,1978
1067,1995
1068,1993
1069,2004
1070,1994
1071,1998
1072,2001
1073,1993
1074,1994
1075,1975
1076,1994
1077,1995
1078,1997
1079,1996
1080,1996
1081,1996
1082,1990
1083,1991
1084,1989
1085,1991
1086,1984
1087,1997
1088,1993
1089,1984
1090,1994
1091,1975
1092,1991
1093,1993
1094,1992
1095,2002
1096,1991
1097,1993
1098,1993
1099,1994
1100,1993
1101,1993
1102,1994
1103,1991
1104,1990
1105,1993
1106,1999
1107,1991
1108,1994
1109,1995
1110,1994
1111,1992
1112,1994
1113,2002
1114,1902
1115,1995
1116,1992
1117,1965
1118,1979
1119,1989
1120,1998
1121,1989
1122,1993
1123,1990
1124,1994
1125,1994
1126,1992
1127,1986
1128,1980
1129,1982
1130,1989
1131,1991
1132,1990
1133,1992
1134,1979
1135,1981
1136,1990
1137,1985
1138,1989
1139,1987
1140,1989
1141,1990
1142,1987
1143,1987
1144,1989
1145,1984
1146,1989
1147,1989
1148,1986
1149,2006
1150,1979
1151,1958
1152,2001
1153,2002
1154,2004
1155,2005
1156,1996
1157,2004
1158,2003
1159,2005
1160,2005
1161,1997
1162,2003
1163,2001
1164,2005
1165,1997
1166,2006
1167,2006
1168,2003
1169,1999
1170,2004
1171,2003
1172,2002
1173,2002
1174,1997
1175,1975
1176,1981
1177,1994
1178,1944
1179,1996
1180,2003
1181,1999
1182,2004
1183,1991
1184,2006
1185,2007
1186,2006
1187,1994
1188,1997
1189,1997
1190,1994
1191,1997
1192,1998
1193,1998
1194,1997
1195,1999
1196,1997
1197,2004
1198,2003
1199,1950
1200,2001
1201,2000
1202,2002
1203,2002
1204,2003
1205,1993
1206,1988
1207,1996
1208,2002
1209,1996
1210,1995
1211,1996
1212,1996
1213,1965
1214,1982
1215,1986
1216,1994
1217,1995
1218,1991
1219,1993
1220,1992
1221,1990
1222,1991
1223,1997
1224,1995
1225,2008
1226,2003
1227,1989
1228,1992
1229,1989
1230,1994
1231,1991
1232,1991
1233,1994
1234,1991
1235,1986
1236,1991
1237,2004
1238,1976
1239,1993
1240,1992
1241,1988
1242,1986
1243,1987
1244,1995
1245,1988
1246,1951
1247,1990
1248,1995
1249,1984
1250,1984
1251,1986
1252,1990
1253,1989
1254,1991
1255,1993
1256,1987
1257,1985
1258,1990
1259,1982
1260,1964
1261,1992
1262,1978
1263,1985
1264,1988
1265,1990
1266,1989
1267,1986
1268,1987
1269,1986
1270,1976
1271,1979
1272,1951
1273,1968
1274,1994
1275,1992
1276,1964
1277,2005
1278,1997
1279,2004
1280,2004
1281,1993
1282,2004
1283,2003
1284,2006
1285,2001
1286,2004
1287,2003
1288,1997
1289,2004
1290,2005
1291,2003
1292,2000
1293,2003
1294,2001
1295,2005
1296,2001
1297,1997
1298,2006
1299,1997
1300,1998
1301,1993
1302,2000
1303,1996
1304,2003
1305,1999
1306,1997
1307,1987
1308,1994
1309,2001
1310,1999
1311,2002
1312,2001
1313,2001
1314,1999
1315,1997
1316,2001
1317,1999
1318,2006
1319,1999
1320,2002
1321,1979
1322,1995
1323,1996
1324,2000
1325,1994
1326,1995
1327,1997
1328,1995
1329,1995
1330,1991
1331,1987
1332,1993
1333,1997
1334,1994
1335,1993
1336,1992
1337,2002
1338,1996
1339,1994
1340,1993
1341,1901
1342,1990
1343,1977
1344,1987
1345,1995
1346,1992
1347,1990
1348,1996
1349,1992
1350,1995
1351,1980
1352,1994
1353,1992
1354,1991
1355,1993
1356,1988
1357,1992
1358,1976
1359,1993
1360,1989
1361,1994
1362,1985
1363,1989
1364,1983
1365,1989
1366,1994
1367,1989
1368,1978
1369,1989
1370,1987
1371,1981
1372,1987
1373,1989
1374,1994
1375,1989
1376,1991
1377,1990
1378,1990
1379,1987
1380,1992
1381,1991
1382,1988
1383,1992
1384,1955
1385,1980
1386,1987
1387,1983
1388,1991
1389,1986
1390,1976
1391,1979
1392,2003
1393,1988
1394,1952
1395,1986
1396,2008
1397,1990
1398,1989
1399,1967
1400,1949
1401,1974
1402,2003
1403,1996
1404,2003
1405,2005
1406,2004
1407,2003
1408,2008
1409,2004
1410,1999
1411,2004
1412,2003
1413,2004
1414,2005
1415,2008
1416,2004
1417,2002
1418,2000
1419,1998
1420,2003
1421,1999
1422,2007
1423,2006
1424,2001
1425,2003
1426,1999
1427,1996
1428,2004
1429,1998
1430,2002
1431,2002
1432,2005
1433,2003
1434,2004
1435,1978
1436,2001
1437,1999
1438,2003
1439,1997
1440,1998
1441,2005
1442,2002
1443,1980
1444,2000
1445,2001
1446,1999
1447,1996
1448,1994
1449,2000
1450,1975
1451,2000
1452,1972
1453,2005
1454,1998
1455,1994
1456,1904
1457,1992
1458,1995
1459,1977
1460,2001
1461,1997
1462,1991
1463,1992
1464,1985
1465,1988
1466,2003
1467,2001
1468,1997
1469,1996
1470,1996
1471,1988
1472,1992
1473,1989
1474,1993
1475,1994
1476,2001
1477,1997
1478,1990
1479,1989
1480,1990
1481,1980
1482,1988
1483,1986
1484,1992
1485,1992
1486,1992
1487,1990
1488,1992
1489,1992
1490,1988
1491,1990
1492,1995
1493,1992
1494,1985
1495,1990
1496,1991
1497,1952
1498,1991
1499,1991
1500,1991
1501,1988
1502,1993
1503,1992
1504,1988
1505,1992
1506,1977
1507,1991
1508,1989
1509,1987
1510,1990
1511,1988
1512,1989
1513,1988
1514,1972
1515,1988
1516,1987
1517,1981
1518,1990
1519,1973
1520,1989
1521,1987
1522,1982
1523,1989
1524,1990
1525,1989
1526,1979
1527,1989
1528,1990
1529,1941
1530,1985
1531,1987
1532,1962
1533,1971
1534,2003
1535,2004
1536,2002
1537,2005
1538,2002
1539,2006
1540,2001
1541,2004
1542,2002
1543,2002
1544,1903
1545,2003
1546,2003
1547,2001
1548,2002
1549,2004
1550,1983
1551,1995
1552,1901
1553,2003
1554,1998
1555,2006
1556,2005
1557,2002
1558,1998
1559,1997
1560,2001
1561,2001
1562,2003
1563,2009
1564,2003
1565,1968
1566,1994
1567,1994
1568,1995
1569,1995
1570,2002
1571,1994
1572,1994
1573,1994
1574,1995
1575,2005
1576,2004
1577,1995
1578,2001
1579,1975
1580,2002
1581,1997
1582,1996
1583,1995
1584,1989
1585,1993
1586,1999
1587,1992
1588,1998
1589,1988
1590,1994
1591,1997
1592,1968
1593,1995
1594,1992
1595,2007
1596,1994
1597,1998
1598,1995
1599,1991
1600,1910
1601,1989
1602,1993
1603,1997
1604,1989
1605,1982
1606,1993
1607,1973
1608,2001
1609,1992
1610,1993
1611,1994
1612,1987
1613,1994
1614,1993
1615,1993
1616,1989
1617,1991
1618,1993
1619,1990
1620,1997
1621,1984
1622,1995
1623,1994
1624,1990
1625,1989
1626,1991
1627,1995
1628,1996
1629,1990
1630,1994
1631,1973
1632,1989
1633,1989
1634,1954
1635,2003
1636,1993
1637,1993
1638,1990
1639,1988
1640,1988
1641,1989
1642,1978
1643,1992
1644,1986
1645,1994
1646,2004
1647,1987
1648,1975
1649,1989
1650,1987
1651,1993
1652,1978
1653,1991
1654,1988
1655,1994
1656,1984
1657,1989
1658,1990
1659,1982
1660,2006
1661,1999
1662,2001
1663,2001
1664,1972
1665,2000
1666,2004
1667,2004
1668,2003
1669,1990
1670,2001
1671,2003
1672,1991
1673,2004
1674,2003
1675,1991
1676,2002
1677,1997
1678,2001
1679,2003
1680,1994
1681,2003
1682,2004
1683,2004
1684,2001
1685,2005
1686,2005
1687,2003
1688,2004
1689,2004
1690,2005
1691,2003
1692,2003
1693,1989
1694,2006
1695,1978
1696,2000
1697,2005
1698,2007
1699,2004
1700,2001
1701,1997
1702,1998
1703,1994
1704,2001
1705,2000
1706,1996
1707,2003
1708,1988
1709,1994
1710,1994
1711,1981
1712,2008
1713,1998
1714,1956
1715,2000
1716,1994
1717,1998
1718,1999
1719,1990
1720,2002
1721,1998
1722,1993
1723,2005
1724,1993
1725,1995
1726,1995
1727,1998
1728,1964
1729,1989
1730,1996
1731,1992
1732,1996
1733,1994
1734,1996
1735,2005
1736,1995
1737,1995
1738,1995
1739,1992
1740,1993
1741,1991
1742,1977
1743,1995
1744,1996
1745,1997
1746,1991
1747,1994
1748,1993
1749,1995
1750,2004
1751,1990
1752,1977
1753,2000
1754,1995
1755,1993
1756,1991
1757,1999
1758,1990
1759,1991
1760,1995
1761,1989
1762,1989
1763,1949
1764,1992
1765,1991
1766,1994
1767,1993
1768,1989
1769,1993
1770,1993
1771,1993
1772,1986
1773,1992
1774,1989
1775,1992
1776,1984
1777,1986
1778,1984
1779,1989
1780,1974
1781,1987
1782,1988
1783,1989
1784,1988
1785,1987
1786,1957
1787,1989
1788,1988
1789,1989
1790,2005
1791,1986
1792,1976
1793,1956
1794,1959
1795,1972
1796,1998
1797,1980
1798,1962
1799,2005
1800,2001
1801,1995
1802,1993
1803,2005
1804,2006
1805,2002
1806,2001
1807,2004
1808,2005
1809,2004
1810,2005
1811,2003
1812,2006
1813,2002
1814,2004
1815,2002
1816,2004
1817,2001
1818,1988
1819,2004
1820,2003
1821,1988
1822,2004
1823,1989
1824,2002
1825,2003
1826,2003
1827,2003
1828,2002
1829,2002
1830,2000
1831,1999
1832,2002
1833,2000
1834,2003
1835,2002
1836,1998
1837,2002
1838,2002
1839,2002
1840,2009
1841,2000
1842,2001
1843,1989
1844,1995
1845,2002
1846,1999
1847,1998
1848,2001
1849,2000
1850,1995
1851,2000
1852,2007
1853,1994
1854,1963
1855,1993
1856,2002
1857,1999
1858,1997
1859,1996
1860,2002
1861,1992
1862,1997
1863,2001
1864,1995
1865,1998
1866,1992
1867,1975
1868,2001
1869,1998
1870,1969
1871,1993
1872,1992
1873,1990
1874,1998
1875,1999
1876,1993
1877,1988
1878,1998
1879,1996
1880,1993
1881,2003
1882,1994
1883,1999
1884,2001
1885,1996
1886,1995
1887,1998
1888,1994
1889,1996
1890,1998
1891,1995
1892,1996
1893,1992
1894,1991
1895,1993
1896,1991
1897,1993
1898,1995
1899,2002
1900,1978
1901,1990
1902,1992
1903,1993
1904,2000
1905,1990
1906,1991
1907,1992
1908,1989
1909,1990
1910,1991
1911,1991
1912,1992
1913,1991
1914,1994
1915,1948
1916,1989
1917,1993
1918,1994
1919,1993
1920,1990
1921,1992
1922,1980
1923,1984
1924,1977
1925,1991
1926,1989
1927,1986
1928,1999
1929,1968
1930,1975
1931,1961
1932,1978
1933,1997
1934,1992
1935,1979
1936,1992
1937,1979
1938,1990
1939,1986
1940,1986
1941,1962
1942,1987
1943,1988
1944,1990
1945,1989
1946,1983
1947,1988
1948,1993
1949,1989
1950,1988
1951,1982
1952,1989
1953,1951
1954,1990
1955,1951
1956,2002
1957,2008
1958,2002
1959,2004
1960,1998
1961,1998
1962,2006
1963,2002
1964,2005
1965,2002
1966,1998
1967,2001
1968,1998
1969,1992
1970,1999
1971,1992
1972,2001
1973,2002
1974,1998
1975,1996
1976,1999
1977,2004
1978,2004
1979,2008
1980,2006
1981,1997
1982,1992
1983,1987
1984,1991
1985,1996
1986,2003
1987,1996
1988,2002
1989,1995
1990,2000
1991,1994
1992,1999
1993,1995
1994,1996
1995,1998
1996,1995
1997,1995
1998,1996
1999,1920
2000,1998
2001,1995
2002,1995
2003,1990
2004,2006
2005,1994
2006,1995
2007,1992
2008,1994
2009,1990
2010,1997
2011,2002
2012,1962
2013,1992
2014,1993
2015,1991
2016,1990
2017,1996
2018,1994
2019,1983
2020,1992
2021,1994
2022,1990
2023,1994
2024,1984
2025,1993
2026,1996
2027,1990
2028,1991
2029,1992
2030,1991
2031,1994
2032,1978
2033,1991
2034,1994
2035,1999
2036,1992
2037,1987
2038,1989
2039,1992
2040,1992
2041,1993
2042,1989
2043,1991
2044,1991
2045,1950
2046,1991
2047,1954
2048,1986
2049,1946
2050,1989
2051,1989
2052,1975
2053,1987
2054,1962
2055,1985
2056,1989
2057,1989
2058,1941
2059,1985
2060,1985
2061,1989
2062,1992
2063,1984
2064,1968
2065,1982
2066,1976
2067,2008
2068,1945
2069,1978
2070,2006
2071,1973
2072,2003
2073,2003
2074,2003
2075,1995
2076,2004
2077,2003
2078,1984
2079,2001
2080,2003
2081,2005
2082,2002
2083,2002
2084,1999
2085,2003
2086,2002
2087,2004
2088,2001
2089,2003
2090,2003
2091,2002
2092,2004
2093,2003
2094,1999
2095,2004
2096,2002
2097,1993
2098,2001
2099,1999
2100,1994
2101,2001
2102,2004
2103,2002
2104,1999
2105,1998
2106,1997
2107,1998
2108,2000
2109,1998
2110,2001
2111,1998
2112,2002
2113,1996
2114,1995
2115,2000
2116,1997
2117,1999
2118,2000
2119,1960
2120,1995
2121,1997
2122,1996
2123,1992
2124,1997
2125,1995
2126,1989
2127,1997
2128,1993
2129,1999
2130,1994
2131,1982
2132,1997
2133,1997
2134,1994
2135,1995
2136,1993
2137,1989
2138,1987
2139,1992
2140,1994
2141,1984
2142,1996
2143,1993
2144,1998
2145,1993
2146,1997
2147,1993
2148,1991
2149,1960
2150,1992
2151,1995
2152,1993
2153,1989
2154,1995
2155,1989
2156,1992
2157,1994
2158,1991
2159,1990
2160,1991
2161,1987
2162,1989
2163,1991
2164,1994
2165,1983
2166,1990
2167,1994
2168,1993
2169,1992
2170,1991
2171,1960
2172,1995
2173,1993
2174,1991
2175,1994
2176,1989
2177,1992
2178,1987
2179,1990
2180,1990
2181,1990
2182,1988
2183,1994
2184,1994
2185,1991
2186,1992
2187,1991
2188,1993
2189,2006
2190,1989
2191,1991
2192,1990
2193,1993
2194,1986
2195,1980
2196,1982
2197,1989
2198,2002
2199,1990
2200,1993
2201,1987
2202,1982
2203,1988
2204,1982
2205,1988
2206,1988
2207,1982
2208,1984
2209,1990
2210,1949
2211,1989
2212,1945
2213,1954
2214,1959
2215,1948
2216,2005
2217,1963
2218,1981
2219,1975
2220,2002
2221,2003
2222,2004
2223,2006
2224,2001
2225,2001
2226,2002
2227,2000
2228,2007
2229,2005
2230,2003
2231,1999
2232,2000
2233,2005
2234,2008
2235,2005
2236,2005
2237,1999
2238,2004
2239,1997
2240,1997
2241,1998
2242,2005
2243,1989
2244,2004
2245,2001
2246,2005
2247,2003
2248,2001
2249,2000
2250,2004
2251,1995
2252,2001
2253,1993
2254,1998
2255,1996
2256,1996
2257,2001
2258,2002
2259,2004
2260,2003
2261,2001
2262,1995
2263,2000
2264,1993
2265,1998
2266,1998
2267,2002
2268,1997
2269,1977
2270,1995
2271,1999
2272,1999
2273,1996
2274,2003
2275,1998
2276,2008
2277,1994
2278,1996
2279,1997
2280,2000
2281,1992
2282,1996
2283,1997
2284,2006
2285,1997
2286,1995
2287,1997
2288,1987
2289,1994
2290,1993
2291,1995
2292,1994
2293,1995
2294,1992
2295,1979
2296,1989
2297,1991
2298,1995
2299,1988
2300,1991
2301,1994
2302,1992
2303,1997
2304,2004
2305,1994
2306,1994
2307,1992
2308,1993
2309,1992
2310,1992
2311,1993
2312,1991
2313,1989
2314,1985
2315,1989
2316,1992
2317,1993
2318,1983
2319,1987
2320,1994
2321,1993
2322,1994
2323,1986
2324,1992
2325,1993
2326,1986
2327,1990
2328,1991
2329,1990
2330,1989
2331,1959
2332,1986
2333,1991
2334,1993
2335,1986
2336,1989
2337,1989
2338,1975
2339,1988
2340,1991
2341,1989
2342,1990
2343,1991
2344,1989
2345,1988
2346,1988
2347,1989
2348,1956
2349,1987
2350,1963
2351,1988
2352,1969
2353,1971
2354,1952
2355,1968
2356,1999
2357,2004
2358,2005
2359,2004
2360,1998
2361,2005
2362,2005
2363,2004
2364,2004
2365,2003
2366,2002
2367,2005
2368,1992
2369,2004
2370,2002
2371,2001
2372,2000
2373,2003
2374,1984
2375,2004
2376,2006
2377,2005
2378,2004
2379,2003
2380,2002
2381,2004
2382,1992
2383,1999
2384,2002
2385,2003
2386,1999
2387,2006
2388,2004
2389,1998
2390,2001
2391,1992
2392,2005
2393,1997
2394,2003
2395,1998
2396,2004
2397,1969
2398,2001
2399,2004
2400,1995
2401,1996
2402,1977
2403,1993
2404,1996
2405,1993
2406,1997
2407,2001
2408,1976
2409,1971
2410,1997
2411,1997
2412,1996
2413,1992
2414,1995
2415,1999
2416,1990
2417,1995
2418,1996
2419,2000
2420,1983
2421,1994
2422,1993
2423,1995
2424,1991
2425,1990
2426,1999
2427,1999
2428,1993
2429,1996
2430,1997
2431,1982
2432,1998
2433,1995
2434,1997
2435,1935
2436,1983
2437,1998
2438,2009
2439,1989
2440,2000
2441,1992
2442,1992
2443,1988
2444,1984
2445,1996
2446,1991
2447,1994
2448,1987
2449,1994
2450,1997
2451,1985
2452,1991
2453,1983
2454,1995
2455,1994
2456,1992
2457,1994
2458,1994
2459,1993
2460,2008
2461,1995
2462,1991
2463,1987
2464,1988
2465,1989
2466,1986
2467,1975
2468,1997
2469,1992
2470,1993
2471,1993
2472,1962
2473,1987
2474,1991
2475,1992
2476,1992
2477,1987
2478,1991
2479,1987
2480,1989
2481,1989
2482,1983
2483,1992
2484,1991
2485,1983
2486,1989
2487,1946
2488,1988
2489,1991
2490,1981
2491,1989
2492,1988
2493,1988
2494,1989
2495,1958
2496,1985
2497,1989
2498,2001
2499,1963
2500,1958
2501,2004
2502,2002
2503,2004
2504,2004
2505,2002
2506,2004
2507,2005
2508,2002
2509,1989
2510,1989
2511,2004
2512,2004
2513,2004
2514,2005
2515,2003
2516,2004
2517,2005
2518,2006
2519,1999
2520,2003
2521,2003
2522,2008
2523,2006
2524,1997
2525,1964
2526,2003
2527,2006
2528,2004
2529,2000
2530,2002
2531,1998
2532,1999
2533,2006
2534,1979
2535,1998
2536,2003
2537,2002
2538,2004
2539,1994
2540,2002
2541,2006
2542,1998
2543,1998
2544,1998
2545,1993
2546,1993
2547,1998
2548,2005
2549,2003
2550,1996
2551,1996
2552,1996
2553,1995
2554,1996
2555,1991
2556,1998
2557,1996
2558,1991
2559,1995
2560,1987
2561,1996
2562,1986
2563,1996
2564,1998
2565,1972
2566,1994
2567,1996
2568,1995
2569,1998
2570,1990
2571,1995
2572,1993
2573,1996
2574,1946
2575,1993
2576,1995
2577,1992
2578,1989
2579,1993
2580,1993
2581,1901
2582,1995
2583,1993
2584,1995
2585,1996
2586,1995
2587,1974
2588,1989
2589,1992
2590,1991
2591,1989
2592,1993
2593,1992
2594,1979
2595,1990
2596,1988
2597,1991
2598,1990
2599,1987
2600,1965
2601,1992
2602,1985
2603,1965
2604,1952
2605,1991
2606,1972
2607,1975
2608,1983
2609,1963
2610,1992
2611,1992
2612,1985
2613,1985
2614,1982
2615,1984
2616,1987
2617,1987
2618,1991
2619,1986
2620,1971
2621,1975
2622,1982
2623,2004
2624,2001
2625,2005
2626,2005
2627,2004
2628,2002
2629,2003
2630,2006
2631,1999
2632,2002
2633,2003
2634,2002
2635,2003
2636,2006
2637,2004
2638,2002
2639,2002
2640,1995
2641,2003
2642,2003
2643,2003
2644,2007
2645,1981
2646,1999
2647,2001
2648,2000
2649,2000
2650,1983
2651,1999
2652,2002
2653,2003
2654,1999
2655,2003
2656,1999
2657,2000
2658,1995
2659,1998
2660,2007
2661,1995
2662,1995
2663,2003
2664,1993
2665,1983
2666,1998
2667,2006
2668,1997
2669,1996
2670,1993
2671,1995
2672,1995
2673,1999
2674,1995
2675,1998
2676,1997
2677,1996
2678,1995
2679,1991
2680,1994
2681,1991
2682,1993
2683,1995
2684,1992
2685,1993
2686,1994
2687,1988
2688,1995
2689,1995
2690,1995
2691,1983
2692,1987
2693,1949
2694,1994
2695,1990
2696,1991
2697,1994
2698,1993
2699,1992
2700,1991
2701,1991
2702,1946
2703,1992
2704,1991
2705,1995
2706,1992
2707,2006
2708,1987
2709,1988
2710,1995
2711,1990
2712,1990
2713,1977
2714,1994
2715,1995
2716,1950
2717,1995
2718,1988
2719,1992
2720,1969
2721,1990
2722,1994
2723,1989
2724,1991
2725,1992
2726,1990
2727,1990
2728,1991
2729,1991
2730,1978
2731,1995
2732,1992
2733,1989
2734,1991
2735,1991
2736,1994
2737,1982
2738,1987
2739,1991
2740,1989
2741,1985
2742,1990
2743,1992
2744,1991
2745,1991
2746,1988
2747,1987
2748,1969
2749,1987
2750,1987
2751,2006
2752,1960
2753,1988
2754,1971
2755,1988
2756,1984
2757,1962
2758,1989
2759,1986
2760,1957
2761,1981
2762,2002
2763,2004
2764,2002
2765,2002
2766,1996
2767,2004
2768,2005
2769,2006
2770,2007
2771,2000
2772,2004
2773,2005
2774,1999
2775,2005
2776,2004
2777,2006
2778,2004
2779,2005
2780,2002
2781,2005
2782,1999
2783,2001
2784,2006
2785,1989
2786,2004
2787,1969
2788,1998
2789,1981
2790,1994
2791,2004
2792,2003
2793,1976
2794,2004
2795,1998
2796,1995
2797,1995
2798,1991
2799,2003
2800,2002
2801,1989
2802,1998
2803,1996
2804,1995
2805,1999
2806,1999
2807,1977
2808,1994
2809,1992
2810,1994
2811,1993
2812,1995
2813,2000
2814,1999
2815,1988
2816,1998
2817,1984
2818,1995
2819,1981
2820,1994
2821,1989
2822,1992
2823,1976
2824,1989
2825,1997
2826,1994
2827,1987
2828,1994
2829,1993
2830,1996
2831,1996
2832,1998
2833,1993
2834,1970
2835,1997
2836,1995
2837,1996
2838,1990
2839,1997
2840,1995
2841,1990
2842,1991
2843,1995
2844,1990
2845,1995
2846,1988
2847,1992
2848,1989
2849,1997
2850,1981
2851,1991
2852,1990
2853,1990
2854,1992
2855,1994
2856,1992
2857,1992
2858,1992
2859,1989
2860,1988
2861,1994
2862,1989
2863,1990
2864,1979
2865,1991
2866,1989
2867,2000
2868,1990
2869,1992
2870,1955
2871,1990
2872,1986
2873,1993
2874,1992
2875,1992
2876,1979
2877,1991
2878,1967
2879,1994
2880,1992
2881,1992
2882,1990
2883,1972
2884,1985
2885,1986
2886,1992
2887,1981
2888,1993
2889,1992
2890,1989
2891,1988
2892,1979
2893,1986
2894,1989
2895,1986
2896,1987
2897,1986
2898,1990
2899,1988
2900,1987
2901,1987
2902,1989
2903,1988
2904,1968
2905,1989
2906,1960
2907,1990
2908,1960
2909,1957
2910,2001
2911,2004
2912,1966
2913,1976
2914,2005
2915,2004
2916,2004
2917,2006
2918,1997
2919,2004
2920,2003
2921,2003
2922,1999
2923,2004
2924,2007
2925,2005
2926,2001
2927,1984
2928,2001
2929,2007
2930,2002
2931,2005
2932,2006
2933,2002
2934,2006
2935,1999
2936,1996
2937,2004
2938,2005
2939,1984
2940,1998
2941,2001
2942,2000
2943,2003
2944,1998
2945,2001
2946,2000
2947,1996
2948,1998
2949,1996
2950,1999
2951,1996
2952,2000
2953,2000
2954,1997
2955,1999
2956,1998
2957,1994
2958,1996
2959,2003
2960,1997
2961,1995
2962,1996
2963,1996
2964,1997
2965,1994
2966,1996
2967,1990
2968,1994
2969,1998
2970,1990
2971,1991
2972,1910
2973,1984
2974,1997
2975,1995
2976,1993
2977,1981
2978,1998
2979,1992
2980,1994
2981,1980
2982,1996
2983,1995
2984,1972
2985,1987
2986,2004
2987,1996
2988,1992
2989,1994
2990,1995
2991,1993
2992,2000
2993,1993
2994,1992
2995,1993
2996,1991
2997,1995
2998,1995
2999,1993
3000,1991
3001,1992
3002,1992
3003,1989
3004,1992
3005,1982
3006,1995
3007,1990
3008,1989
3009,2007
3010,1984
3011,1991
3012,1992
3013,1985
3014,2006
3015,1980
3016,1986
3017,1992
3018,1988
3019,1982
3020,1988
3021,1993
3022,1959
3023,1991
3024,1992
3025,1993
3026,1986
3027,1992
3028,1986
3029,1988
3030,1990
3031,1983
3032,1960
3033,1945
3034,1988
3035,1991
3036,1989
3037,1988
3038,1990
3039,1988
3040,1990
3041,1992
3042,1986
3043,1941
3044,1970
3045,2002
3046,1999
3047,2002
3048,1980
3049,2003
3050,1992
3051,2006
3052,1999
3053,2003
3054,1994
3055,2000
3056,1999
3057,1997
3058,2003
3059,2005
3060,2001
3061,1994
3062,1998
3063,2004
3064,1999
3065,2004
3066,1978
3067,1994
3068,2002
3069,1980
3070,1993
3071,2002
3072,2001
3073,1962
3074,1998
3075,1999
3076,2000
3077,1998
3078,2000
3079,2001
3080,1999
3081,1969
3082,2003
3083,1998
3084,1991
3085,2000
3086,1995
3087,1999
3088,1998
3089,2002
3090,1998
3091,1983
3092,1998
3093,1985
3094,1998
3095,1995
3096,1993
3097,1997
3098,1999
3099,1994
3100,1995
3101,1998
3102,2004
3103,1989
3104,1990
3105,1996
3106,1997
3107,1988
3108,1984
3109,1993
3110,1991
3111,1993
3112,1988
3113,1994
3114,1993
3115,1992
3116,2003
3117,1990
3118,2004
3119,1991
3120,1990
3121,1985
3122,1995
3123,1982
3124,1995
3125,1992
3126,1997
3127,1989
3128,1991
3129,1992
3130,1983
3131,1986
3132,1992
3133,1990
3134,1994
3135,1993
3136,1994
3137,1988
3138,1993
3139,1988
3140,1992
3141,2008
3142,1986
3143,1991
3144,1993
3145,1986
3146,1991
3147,1990
3148,1992
3149,1981
3150,1993
3151,1986
3152,1990
3153,1985
3154,2006
3155,1988
3156,1990
3157,1973
3158,1990
3159,1990
3160,1989
3161,1988
3162,1984
3163,1986
3164,1946
3165,1988
3166,1987
3167,1982
3168,1988
3169,1987
